id,file_name,file_index,img_type,time_utc,minute_offsets,episode_id,event_id,event_type,llcrnrlat,llcrnrlon,urcrnrlat,urcrnrlon,proj,size_x,size_y,height_m,width_m,data_min,data_max,pct_missing
S835047,vil/2019/SEVIR_VIL_STORMEVENTS_2019_0101_0630.h5,14,vil,6/26/2019 21:32,-122:-117:-112:-107:-102:-97:-92:-87:-82:-77:-72:-67:-62:-57:-52:-47:-42:-37:-32:-27:-22:-17:-12:-7:-2:3:8:13:18:23:28:33:38:43:48:53:58:63:68:73:78:83:88:93:98:103:108:113:118,138836,835047,Hail,35.01574155,-96.06784434,38.31128716,-91.57442612,#NAME?,384,384,384000,384000,0,254,0.29070948
S858968,vil/2019/SEVIR_VIL_STORMEVENTS_2019_0701_1231.h5,421,vil,9/17/2019 19:54,-119:-114:-109:-104:-99:-94:-89:-84:-79:-74:-69:-64:-59:-54:-49:-44:-39:-34:-29:-24:-19:-14:-9:-4:1:6:11:16:21:26:31:36:41:46:51:56:61:66:71:76:81:86:91:96:101:106:111:116:121,142807,858968,Thunderstorm Wind,46.16780482,-94.76080556,49.38866818,-89.26312112,#NAME?,384,384,384000,384000,0,254,0
,,,,,,,,,,,,,,,,,,,,
,,,,,,,,,,,,,,,,,,,,
